<1975,1981,1985,1987,1988,1994,1996,1997,1998,2001,2006,2007,2008,2009,2010,2011,2013,2015,2016,2017,2018,2019,2020,2021,2022,2023,2024,2025,codigo_ibge,municipio_nome,populacao_2022,total_casos_periodo,taxa_por_10k_hab
0,0,0,0,0,0,0,0,0,0,0,0,0,0,0,0,0,0,10,0,13,8,0,6,1,4,3,2,260005,ABREU E LIMA,98462.0,45,4.5702910767605776
0,0,0,0,0,0,0,0,0,0,0,0,0,0,0,0,0,0,2,2,0,0,0,2,0,0,0,0,260010,AFOGADOS DA INGAZEIRA,40241.0,6,1.4910166248353667
0,0,0,0,0,0,0,0,0,0,0,0,0,0,0,0,0,0,0,0,0,1,15,3,21,0,14,2,260020,AFRANIO,18674.0,54,28.917211095640997
0,0,0,0,0,0,0,0,0,0,0,0,0,0,0,0,0,0,1,0,0,1,2,0,2,0,3,2,260030,AGRESTINA,23779.0,9,3.784852180495395
0,0,0,0,0,0,0,0,0,0,0,0,0,0,0,0,0,0,0,0,0,0,1,4,0,0,1,0,260040,AGUA PRETA,26461.0,6,2.267488001209327
0,0,0,0,0,0,0,0,0,0,0,0,0,0,0,0,0,0,0,1,5,2,1,0,0,0,0,0,260050,AGUAS BELAS,41548.0,9,2.1661692500240686
0,0,0,0,0,0,0,0,0,0,0,0,0,0,0,0,0,0,0,0,0,0,0,1,1,1,0,3,260060,ALAGOINHA,13542.0,3,2.215330084182543
0,0,0,0,0,0,0,0,0,0,0,0,0,0,0,0,0,0,8,0,0,0,2,0,0,0,44,0,260070,ALIANCA,35741.0,54,15.108698693377354
0,0,0,0,0,0,0,0,0,0,0,0,0,0,0,0,0,0,2,2,0,0,0,2,5,1,0,2,260080,ALTINHO,20674.0,12,5.804391989939054
0,0,0,0,0,0,0,0,0,0,0,0,0,0,0,0,0,0,3,1,3,5,56,323,48,8,49,0,260090,AMARAJI,18205.0,496,272.4526229057951
0,0,0,0,0,0,0,0,0,0,0,0,0,0,0,0,0,0,2,1,0,0,0,0,0,0,0,0,260100,ANGELIM,10241.0,3,2.9294014256420273
0,0,0,0,0,0,0,0,0,0,0,0,0,0,0,0,0,0,0,0,0,0,1,0,1,0,1,1,260105,ARACOIABA,19243.0,3,1.5590084706126903
0,0,0,0,0,0,0,0,0,0,0,0,0,0,0,0,0,1,4,0,0,1,11,3,207,82,83,10,260110,ARARIPINA,85088.0,392,46.06995110943964
0,0,0,0,0,0,0,0,0,1,0,0,0,0,0,0,0,0,0,0,0,19,8,6,458,97,7,2,260120,ARCOVERDE,77742.0,595,76.53520619484964
0,0,0,0,0,0,0,0,0,0,0,0,0,0,0,0,0,0,0,0,0,0,0,2,5,2,11,2,260130,BARRA DE GUABIRABA,12263.0,20,16.309222865530458
0,0,0,0,0,0,0,0,0,0,0,0,0,0,0,0,0,0,1,0,0,1,0,20,7,0,8,4,260140,BARREIROS,40121.0,37,9.222103138007528
0,0,0,0,0,0,0,0,0,0,0,0,0,0,0,0,0,0,2,0,0,3,0,3,14,0,10,1,260160,BELEM DE SAO FRANCISCO,18301.0,32,17.4853833123873
0,0,0,0,0,0,0,0,0,0,0,0,0,0,0,0,0,0,0,0,1,0,0,0,0,2,0,0,260170,BELO JARDIM,79507.0,3,0.37732526695762636
0,0,0,0,0,0,0,0,0,0,0,0,0,0,0,0,0,0,0,0,0,6,0,0,1,1,0,0,260180,BETANIA,11232.0,8,7.122507122507123
0,0,0,1,0,0,0,0,0,0,0,0,0,0,0,0,0,2,61,2,7,1,2,0,1,0,3,1,260190,BEZERROS,61694.0,79,12.80513502123383
0,0,0,0,0,0,0,0,0,0,0,0,0,0,0,0,0,0,1,0,0,0,1,0,0,0,0,1,260200,BODOCO,34478.0,2,0.5800800510470445
0,0,0,0,0,0,0,0,0,0,0,0,0,0,0,0,0,0,2,1,0,4,0,0,0,1,0,2,260210,BOM CONSELHO,44294.0,8,1.8061136948570913
0,0,0,0,0,0,0,0,0,0,0,0,0,0,0,0,0,0,0,0,0,1,2,0,5,1,3,1,260220,BOM JARDIM,37629.0,12,3.189029737702304
0,0,0,0,0,0,0,0,0,0,0,0,0,0,0,0,0,0,9,0,7,0,0,2,2,3,1,0,260230,BONITO,37474.0,24,6.4044404120189995
0,0,0,0,0,0,0,0,0,0,0,0,0,0,0,0,0,0,0,0,0,0,0,1,0,0,0,0,260250,BREJINHO,7720.0,1,1.2953367875647668
0,0,0,0,0,0,0,0,0,0,0,0,0,0,0,0,0,0,10,0,0,0,0,0,29,0,1,1,260260,BREJO DA MADRE DE DEUS,48648.0,40,8.2223318533136
0,0,0,0,0,0,0,0,0,0,0,0,0,0,0,0,0,0,0,0,0,1,0,0,1,0,0,1,260270,BUENOS AIRES,12808.0,2,1.561524047470331
0,0,0,0,0,0,0,0,0,0,0,0,0,0,0,0,0,0,2,2,2,6,3,14,200,92,231,0,260280,BUIQUE,52097.0,552,105.95619709388257
0,0,0,0,0,0,0,0,0,0,0,0,0,0,0,0,0,0,0,1,31,38,25,47,12,8,13,5,260290,CABO DE SANTO AGOSTINHO,203440.0,175,8.602044828942194
0,0,0,0,0,0,0,0,0,0,0,0,0,0,0,0,0,0,1,1,0,20,19,19,55,4,24,3,260300,CABROBO,30294.0,143,47.204066811909954
0,0,0,0,0,0,0,0,0,0,0,0,0,0,0,0,0,4,46,0,0,0,0,0,0,0,6,0,260310,CACHOEIRINHA,19899.0,56,28.142117694356504
0,0,0,0,0,0,0,0,0,0,0,0,0,0,0,0,0,0,2,1,0,0,0,0,0,0,0,0,260320,CAETES,28827.0,3,1.0406910188365075
0,0,0,0,0,0,0,0,0,0,0,0,0,0,0,0,0,0,0,0,0,1,0,0,2,0,0,0,260340,CALUMBI,5228.0,3,5.738332058148432
0,0,0,0,0,0,0,0,0,0,0,0,0,0,0,0,0,0,4,3,4,12,24,30,15,24,23,17,260345,CAMARAGIBE,147771.0,139,9.406446461078291
0,0,0,0,0,0,0,0,0,0,0,0,0,0,0,0,0,0,55,0,0,0,0,1,4,1,4,1,260350,CAMOCIM DE SAO FELIX,17419.0,65,37.315574946897065
0,0,0,0,0,0,0,0,0,0,0,0,0,0,0,0,0,0,0,0,0,1,0,0,1,0,0,0,260360,CAMUTANGA,7750.0,2,2.5806451612903225
0,0,0,0,0,1,0,0,0,0,0,0,0,0,0,0,0,0,0,0,3,0,0,1,15,0,0,1,260370,CANHOTINHO,24329.0,19,7.809609930535575
0,0,0,0,0,0,0,0,0,0,0,0,0,0,0,0,0,0,0,1,0,0,0,0,0,0,0,0,260380,CAPOEIRAS,18338.0,1,0.5453157378121932
2,0,0,0,0,0,0,0,0,1,0,0,0,0,1,0,0,0,3,0,0,0,1,2,116,0,0,0,260390,CARNAIBA,18644.0,122,65.43660158764213
0,0,0,0,0,0,0,0,0,0,0,0,0,0,0,0,0,0,0,0,1,13,0,0,0,0,0,0,260392,CARNAUBEIRA DA PENHA,12239.0,14,11.438843042732248
0,0,0,0,0,0,0,0,0,0,0,0,0,0,0,0,0,1,2,7,4,8,0,108,8,2,2,0,260400,CARPINA,79293.0,142,17.908264285624206
0,0,0,0,0,0,0,0,0,0,0,0,0,0,0,0,0,0,110,5,20,42,41,32,1512,65,838,30,260410,CARUARU,378048.0,2665,70.49369392246487
0,0,0,0,0,0,0,0,0,0,0,0,0,0,0,0,0,0,1,0,0,1,0,0,0,0,0,1,260415,CASINHAS,12967.0,2,1.5423768026528881
0,0,0,0,0,0,0,0,0,0,0,0,0,0,0,0,0,0,0,0,0,2,0,6,0,0,0,0,260420,CATENDE,32156.0,8,2.4878716258241074
0,0,0,0,0,0,0,0,0,0,0,0,0,0,0,0,0,0,0,0,0,2,2,0,105,0,0,1,260430,CEDRO,10518.0,109,103.63186917664956
0,0,0,0,0,0,0,0,0,0,0,0,0,0,0,0,0,1,0,0,0,2,0,0,0,0,0,0,260440,CHA DE ALEGRIA,12984.0,3,2.310536044362292
0,0,0,0,0,0,0,0,0,0,0,0,0,0,0,0,0,0,0,0,1,0,0,1,0,0,1,0,260450,CHA GRANDE,20546.0,3,1.4601382264187674
0,0,0,0,0,0,0,0,0,0,0,0,0,0,0,0,0,0,1,0,0,2,0,2,1,0,0,0,260460,CONDADO,24587.0,6,2.440313987066336
0,0,0,0,0,0,0,0,0,0,0,0,0,0,0,0,0,0,1,0,0,0,0,0,1,0,2,0,260470,CORRENTES,17131.0,4,2.3349483392679935
0,0,0,0,0,0,0,0,0,0,0,0,0,0,0,0,0,0,1,0,0,0,0,1,0,0,0,0,260480,CORTES,10198.0,2,1.9611688566385566
0,0,0,0,0,0,0,0,0,0,0,0,0,0,0,0,0,1,1,0,0,0,0,0,0,0,0,0,260490,CUMARU,15920.0,2,1.256281407035176
0,0,0,0,0,0,0,0,0,0,0,0,0,0,0,0,0,1,10,2,0,1,4,22,10,4,9,1,260500,CUPIRA,23518.0,63,26.78799217620546
1,0,0,0,0,0,0,0,0,0,0,0,0,0,0,0,0,0,0,0,9,55,189,56,213,54,4,1,260510,CUSTODIA,37699.0,580,153.8502347542375
0,0,0,0,0,0,0,0,0,0,0,0,0,0,0,0,0,0,4,1,1,10,13,25,65,19,7,4,260515,DORMENTES,17188.0,145,84.36118222015361
0,0,0,0,0,0,0,0,0,0,0,0,0,0,0,0,0,0,0,0,5,2,6,2,1,0,1,2,260520,ESCADA,59891.0,17,2.838489923360772
0,0,0,0,0,0,0,0,0,0,0,0,0,0,0,0,0,0,8,0,1,0,0,4,0,0,0,1,260530,EXU,31843.0,13,4.082529912382627
0,0,0,0,0,0,0,0,0,0,0,0,0,0,0,0,0,2,1,0,1,1,2,50,7,0,1,1,260540,FEIRA NOVA,21427.0,65,30.335557940915667
0,0,0,0,0,0,0,0,0,0,0,0,0,0,0,0,0,0,1,0,0,20,0,0,0,0,0,1,260545,FERNANDO DE NORONHA,3167.0,21,66.30880959898958
0,0,0,0,0,0,0,0,0,0,0,0,0,0,0,0,0,0,0,0,1,0,0,0,0,6,29,3,260550,FERREIROS,15026.0,36,23.958471981898043
0,0,0,0,0,0,0,0,0,0,0,0,0,0,0,0,0,0,2,0,4,6,3,2,15,7,6,0,260570,FLORESTA,30137.0,45,14.931811394631184
0,0,0,0,0,0,0,0,0,0,0,0,0,0,0,0,0,0,0,0,0,0,1,6,0,0,0,0,260590,GAMELEIRA,18214.0,7,3.8431975403535743
0,0,0,0,0,0,0,0,0,0,0,0,0,0,0,0,0,1,4,1,18,16,54,8,25,38,254,16,260600,GARANHUNS,142506.0,419,29.402270781581123
0,0,0,0,0,0,0,0,0,0,0,0,0,0,0,0,0,0,1,0,3,2,1,3,1,0,1,0,260610,GLORIA DO GOITA,29347.0,12,4.089003986778887
0,0,0,0,0,0,0,0,0,0,0,0,0,0,0,0,0,0,0,2,1,4,7,20,2,3,4,0,260620,GOIANA,81055.0,43,5.305039787798408
0,0,0,0,0,0,0,0,0,0,0,0,0,0,0,0,0,0,2,0,0,0,0,0,3,4,3,0,260630,GRANITO,6967.0,12,17.224056265250468
0,0,0,0,0,0,0,0,0,0,0,0,0,0,0,0,0,0,29,0,16,4,3,131,44,9,7,5,260640,GRAVATA,86516.0,243,28.087290212215084
0,0,0,0,0,0,0,0,0,0,0,0,0,0,0,0,0,0,0,0,0,0,0,0,1,0,1,0,260650,IATI,17165.0,2,1.1651616661811826
0,0,0,0,0,0,0,0,0,0,0,0,0,0,0,0,0,0,3,2,4,37,21,6,40,3,1,0,260660,IBIMIRIM,26593.0,117,43.99654044297372
0,0,0,0,0,0,0,0,0,0,0,0,0,0,0,0,0,0,62,0,0,0,0,0,1,0,0,0,260670,IBIRAJUBA,7140.0,63,88.23529411764706
0,0,0,0,0,0,0,0,0,0,0,0,0,0,0,0,0,0,0,1,0,4,0,5,0,1,5,1,260680,IGARASSU,115196.0,16,1.388937115872079
0,0,0,0,0,0,0,0,0,0,0,0,0,0,0,0,0,0,0,0,0,1,1,0,7,0,2,0,260690,IGUARACY,11081.0,11,9.926901904160275
0,0,0,1,0,0,0,0,0,0,0,0,0,0,0,0,0,0,0,0,0,1,0,7,71,10,2,0,260700,INAJA,25603.0,91,35.542709838690776
0,0,0,0,0,0,0,0,0,0,0,0,0,0,0,0,0,0,3,0,1,3,0,0,3,1,0,0,260710,INGAZEIRA,4765.0,11,23.08499475341028
1,0,1,0,0,0,1,1,0,0,0,1,0,0,0,1,0,0,2,1,234,2499,780,1820,72,71,191,126,260720,IPOJUCA,98932.0,5670,573.1209315489427
0,0,0,0,0,0,0,0,0,0,0,0,0,0,0,0,0,0,0,0,0,0,1,0,0,0,0,0,260730,IPUBI,29009.0,1,0.34472060395049814
1,0,0,0,0,0,0,0,0,0,0,0,0,0,0,0,0,0,28,0,0,0,0,0,0,0,0,0,260740,ITACURUBA,4284.0,28,65.359477124183
0,0,0,0,0,0,0,0,0,0,0,0,0,0,0,0,0,0,1,0,0,1,0,0,0,2,0,0,260750,ITAIBA,32650.0,4,1.225114854517611
0,0,0,0,0,0,0,0,0,0,0,0,0,0,0,0,0,0,35,0,0,0,0,0,0,0,1,49,260760,ILHA DE ITAMARACA,24540.0,36,14.66992665036675
0,0,0,0,0,0,0,0,0,0,0,0,0,0,0,0,0,0,17,2,1,2,0,0,0,0,0,0,260765,ITAMBE,34935.0,22,6.297409474738801
0,0,0,0,0,0,0,0,0,0,0,0,0,0,0,0,0,0,1,0,1,5,0,1,2,0,0,0,260770,ITAPETIM,13791.0,10,7.2511057936335295
0,0,0,0,0,0,0,0,0,0,0,0,0,0,0,0,0,0,0,0,0,0,1,4,0,1,2,0,260775,ITAPISSUMA,27749.0,8,2.882986774298173
0,0,0,0,0,0,0,0,0,0,0,0,0,0,0,0,0,0,0,0,1,1,1,3,0,7,0,0,260780,ITAQUITINGA,16554.0,13,7.853086867222424
0,0,0,0,0,0,0,0,0,0,0,0,0,0,0,0,0,1,115,98,40,75,11,23,4,18,32,9,260790,JABOATAO DOS GUARARAPES,644037.0,417,6.4747832810847825
0,0,0,0,0,0,0,0,0,0,0,0,0,0,0,0,0,0,0,0,0,0,0,0,0,0,1,0,260795,JAQUEIRA,10247.0,1,0.9758953840148337
0,0,0,0,0,0,0,0,0,0,0,0,0,0,0,0,0,0,0,3,2,1,1,4,0,0,1,0,260800,JATAUBA,15843.0,12,7.574323044877864
0,0,0,0,0,0,0,0,0,0,0,0,0,0,0,0,0,0,0,0,0,1,0,0,23,1,36,0,260805,JATOBA,14020.0,61,43.509272467902996
0,0,0,0,0,0,0,0,0,0,0,0,0,0,0,0,0,0,0,0,1,6,3,6,0,0,0,0,260810,JOAO ALFREDO,27725.0,16,5.770964833183048
0,0,0,0,0,0,0,0,0,0,0,0,0,0,0,0,0,0,5,0,0,1,0,0,0,0,0,0,260820,JOAQUIM NABUCO,13269.0,6,4.521817770743839
0,0,0,0,0,0,0,0,0,0,0,0,0,0,0,0,0,0,1,0,0,0,0,0,0,0,1,0,260825,JUCATI,11517.0,2,1.7365633411478685
0,0,0,0,0,0,0,0,0,0,0,0,0,0,0,0,0,0,1,0,0,0,0,0,0,0,0,0,260830,JUPI,15329.0,1,0.6523582751647204
0,0,0,0,0,0,0,0,0,0,0,0,0,0,0,0,0,0,0,0,0,0,0,0,1,0,0,0,260840,JUREMA,13648.0,1,0.7327080890973036
0,0,0,0,0,0,0,0,0,0,0,0,0,0,0,0,0,0,0,0,0,0,0,1,0,0,0,0,260845,LAGOA DO CARRO,17981.0,1,0.5561425949613481
0,0,0,0,0,0,0,0,0,0,0,0,0,0,0,0,0,0,0,0,0,0,0,1,1,0,0,0,260850,LAGOA DE ITAENGA,19003.0,2,1.0524654001999685
0,0,0,0,0,0,0,0,0,0,0,0,0,0,0,0,0,0,0,0,0,4,0,0,11,2,17,0,260860,LAGOA DO OURO,11933.0,34,28.492415989273447
0,0,0,0,0,0,0,0,0,0,0,0,0,0,0,0,0,0,14,0,0,1,7,0,0,2,2,1,260875,LAGOA GRANDE,24088.0,26,10.793756227167055
0,0,0,0,0,0,0,0,0,0,0,0,0,0,0,0,0,0,3,0,0,7,3,2,5,0,0,1,260880,LAJEDO,39582.0,20,5.052801778586225
0,0,0,0,0,0,0,0,0,0,0,0,0,0,0,0,0,0,6,1,0,3,1,57,8,5,33,7,260890,LIMOEIRO,56510.0,114,20.17342063351619
0,0,0,0,0,0,0,0,0,0,0,0,0,0,0,0,0,0,9,0,2,1,0,2,10,22,33,6,260900,MACAPARANA,23879.0,79,33.083462456551786
0,0,0,0,0,0,0,0,0,0,0,0,0,0,0,0,0,0,0,0,4,0,0,0,0,0,0,0,260910,MACHADOS,11333.0,4,3.52951557398747
0,0,0,0,0,0,0,0,0,0,0,0,0,0,0,0,0,0,0,0,0,2,2,0,10,1,1,0,260915,MANARI,23763.0,16,6.733156587972899
0,0,0,0,0,0,0,0,0,0,0,0,0,0,0,0,0,0,3,0,0,0,2,3,1,0,0,0,260920,MARAIAL,9359.0,9,9.61641200983011
0,0,0,0,0,0,0,0,0,0,0,0,0,0,0,0,0,1,0,0,2,4,4,1,26,0,0,0,260930,MIRANDIBA,14166.0,38,26.824791754906116
0,0,0,0,0,0,0,0,0,0,0,0,0,0,0,0,0,0,1,0,0,3,3,17,71,18,145,0,260940,MORENO,55292.0,258,46.66136149895102
0,0,0,0,0,0,0,0,0,0,0,0,0,0,0,0,0,1,3,0,1,1,2,0,1,1,1,0,260950,NAZARE DA MATA,30648.0,11,3.5891412163925867
0,0,0,0,0,0,0,0,0,0,0,0,0,0,0,0,0,0,20,15,6,8,52,90,23,31,34,15,260960,OLINDA,349976.0,279,7.971975221158022
0,0,0,0,0,0,0,0,0,0,0,0,0,0,0,0,0,0,1,0,0,0,0,10,14,0,0,0,260970,OROBO,21808.0,25,11.463683052090976
0,0,0,0,0,0,0,0,0,0,0,0,0,0,0,0,0,0,0,0,0,0,0,0,1,0,5,1,260980,OROCO,13613.0,6,4.407551605083376
0,0,0,0,0,0,0,0,0,0,0,0,0,0,0,0,0,0,1,0,0,0,0,0,95,39,0,0,260990,OURICURI,65245.0,135,20.69124070810024
0,0,0,0,0,0,0,0,0,0,0,0,0,0,0,0,0,1,20,0,0,2,2,3,2,2,7,2,261000,PALMARES,54584.0,39,7.144950901363037
0,0,0,0,0,0,0,0,0,0,0,0,0,0,0,0,0,0,25,0,0,0,0,0,0,0,0,1,261020,PANELAS,22991.0,25,10.87382019050933
0,0,0,0,0,0,0,0,0,0,0,0,0,0,0,0,0,0,0,0,1,12,0,0,0,0,0,0,261030,PARANATAMA,12199.0,13,10.65661119763915
0,0,0,0,0,0,0,0,0,0,0,0,0,0,0,0,0,0,3,0,0,0,1,0,0,0,0,0,261040,PARNAMIRIM,18612.0,4,2.149151085321298
0,0,0,0,0,0,0,0,0,0,0,0,0,0,0,0,0,0,0,0,0,1,1,2,0,2,5,1,261050,PASSIRA,28340.0,11,3.8814396612561755
0,0,0,0,0,0,0,0,0,0,0,0,0,0,0,0,0,0,3,2,1,22,2,220,29,3,13,15,261060,PAUDALHO,56665.0,295,52.06035471631519
0,0,1,0,0,0,0,0,0,0,0,0,0,0,0,0,0,1,7,4,32,27,21,83,20,56,20,17,261070,PAULISTA,342167.0,271,7.920109186449892
0,0,0,0,0,0,0,0,0,0,0,0,0,0,0,0,0,0,0,0,4,0,0,0,35,5,8,0,261080,PEDRA,22795.0,52,22.812020179864007
0,0,0,0,0,0,0,0,0,0,0,0,0,0,0,0,0,0,7,3,1,4,3,2,16,4,2,3,261090,PESQUEIRA,62722.0,42,6.696215044163132
0,0,0,0,0,0,0,0,0,0,0,0,0,0,0,0,0,1,0,0,0,0,0,0,0,0,0,0,261100,PETROLANDIA,34161.0,1,0.2927314774157665
0,0,0,0,0,0,0,0,0,0,0,0,0,0,0,0,1,2,28,5,22,254,361,84,304,31,59,18,261110,PETROLINA,386791.0,1150,29.731818992685973
0,0,0,0,0,0,0,0,0,0,0,0,0,0,0,0,0,0,0,0,0,0,0,0,1,0,0,0,261120,POCAO,10500.0,1,0.9523809523809524
0,0,0,0,0,0,0,0,0,0,0,0,0,0,0,0,0,0,0,0,0,1,0,2,2,2,1,0,261130,POMBOS,27552.0,8,2.9036004645760745
0,0,0,0,0,0,0,0,0,0,0,0,0,0,0,0,0,0,3,1,1,0,0,0,0,0,1,0,261140,PRIMAVERA,13838.0,6,4.335886688827865
0,0,0,0,0,0,0,0,0,0,0,0,0,0,0,0,0,0,0,0,0,1,0,0,0,0,1,0,261150,QUIPAPA,17928.0,2,1.1155734047300312
0,0,0,0,0,0,0,0,0,0,0,0,0,0,0,0,0,0,1,0,0,0,0,0,2,0,0,0,261153,QUIXABA,6554.0,3,4.5773573390296
0,0,0,0,1,0,0,0,1,0,1,0,0,1,0,0,0,12,558,140,116,215,251,643,212,192,494,386,261160,RECIFE,1488920.0,2833,19.027214356714936
0,0,0,0,0,0,0,0,0,0,0,0,0,0,0,0,0,0,0,0,2,1,0,0,11,2,1,1,261170,RIACHO DAS ALMAS,20639.0,17,8.236833179902128
0,0,0,0,0,0,0,0,0,0,0,0,0,0,0,0,0,0,0,0,1,0,0,1,0,0,0,0,261180,RIBEIRAO,33507.0,2,0.5968902020473333
0,0,0,0,0,0,0,0,0,0,0,0,0,0,0,0,0,0,0,0,2,1,2,51,21,7,68,176,261190,RIO FORMOSO,20009.0,152,75.96581538307763
0,0,0,0,0,0,0,0,0,0,0,0,0,0,0,0,0,0,2,0,1,0,0,0,0,0,0,0,261200,SAIRE,10887.0,3,2.7555800496004412
0,0,0,0,0,0,0,0,0,0,0,0,0,0,0,0,0,0,0,0,0,1,0,2,0,0,0,0,261210,SALGADINHO,5727.0,3,5.238344683080147
0,1,0,0,0,0,0,0,0,0,0,0,0,0,0,0,0,0,0,0,26,64,18,2,58,0,6,7,261220,SALGUEIRO,62372.0,174,27.89713332905791
0,0,0,0,0,0,0,0,0,0,0,0,0,0,0,0,0,0,0,2,0,0,1,0,0,0,0,0,261230,SALOA,13836.0,3,2.168256721595837
0,0,0,0,0,0,0,0,0,0,0,0,0,0,0,0,0,6,35,0,0,0,0,1,10,3,12,0,261240,SANHARO,18624.0,67,35.97508591065292
0,0,0,0,0,0,0,0,0,0,0,0,0,0,0,0,0,0,0,0,0,0,6,0,10,1,0,0,261245,SANTA CRUZ,13841.0,17,12.282349541218121
0,0,0,0,0,0,0,0,0,0,0,0,0,0,0,0,0,0,0,0,0,1,0,0,0,0,0,0,261247,SANTA CRUZ DA BAIXA VERDE,11567.0,1,0.864528399757932
0,0,0,0,0,0,0,0,0,0,0,0,0,0,0,0,0,0,0,0,1,5,14,13,29,9,27,7,261250,SANTA CRUZ DO CAPIBARIBE,98254.0,98,9.974148635170069
0,0,0,0,0,0,0,0,0,0,0,0,0,0,0,0,0,0,0,0,0,0,0,0,1,1,0,0,261255,SANTA FILOMENA,12106.0,2,1.6520733520568311
0,0,0,0,0,0,0,0,0,0,0,0,0,0,0,0,0,0,0,0,0,0,1,0,0,0,0,1,261260,SANTA MARIA DA BOA VISTA,40578.0,1,0.2464389570703337
0,0,0,0,0,0,0,0,0,0,0,0,0,0,0,0,0,0,0,0,0,0,1,0,0,0,0,0,261270,SANTA MARIA DO CAMBUCA,14013.0,1,0.7136230642974382
0,0,0,0,0,0,0,0,0,0,0,0,0,0,0,0,0,0,3,0,0,0,0,0,1,0,0,0,261280,SANTA TEREZINHA,10244.0,4,3.904724716907458
0,0,0,0,0,0,0,0,0,0,0,0,0,0,0,0,0,0,0,0,0,0,0,0,1,0,0,0,261290,SAO BENEDITO DO SUL,13113.0,1,0.7626019980172348
0,0,0,0,0,0,0,0,0,0,0,0,0,0,0,0,0,0,2,0,1,0,0,0,3,0,1,1,261300,SAO BENTO DO UNA,49449.0,7,1.4155999110194342
0,0,0,0,0,0,0,0,0,0,0,0,0,0,0,0,0,1,8,0,0,0,1,0,10,6,55,50,261310,SAO CAITANO,37126.0,81,21.817594138878412
0,0,0,0,0,0,0,0,0,0,0,0,0,0,0,0,0,0,1,0,4,11,0,0,0,2,77,2,261320,SAO JOAO,23837.0,95,39.854008474220755
0,0,0,0,0,0,0,0,0,0,0,0,0,0,0,0,0,0,5,0,2,8,0,1,2,0,1,1,261330,SAO JOAQUIM DO MONTE,20037.0,19,9.482457453710635
0,0,0,0,0,0,0,0,0,0,0,0,0,0,0,0,0,0,1,0,0,1,0,1,0,0,1,0,261340,SAO JOSE DA COROA GRANDE,18825.0,4,2.1248339973439574
0,0,0,0,0,0,0,0,0,0,0,0,0,0,0,0,0,0,2,0,4,2,0,1,12,0,0,0,261350,SAO JOSE DO BELMONTE,34843.0,21,6.027035559509802
0,0,0,0,0,0,0,0,0,0,0,0,0,0,0,0,0,0,0,0,0,3,0,2,1,0,0,0,261360,SAO JOSE DO EGITO,31004.0,6,1.9352341633337633
0,0,0,0,0,0,0,0,0,0,0,0,0,0,0,0,0,0,4,3,0,7,1,4,1,2,13,8,261370,SAO LOURENCO DA MATA,111249.0,35,3.1460956952422046
0,0,0,0,0,0,0,0,0,0,0,0,0,0,0,0,0,0,3,0,2,42,0,0,0,11,17,0,261380,SAO VICENTE FERRER,16677.0,75,44.97211728728188
0,0,0,0,0,0,0,0,0,0,0,0,0,0,0,0,0,0,0,0,14,27,5,11,81,4,6,5,261390,SERRA TALHADA,92228.0,148,16.047187405126426
0,0,0,0,0,0,0,0,0,0,0,0,0,0,0,0,0,0,0,0,0,0,2,4,206,0,8,6,261400,SERRITA,18207.0,220,120.83264678420387
0,0,0,0,0,0,0,0,0,0,0,0,0,0,0,0,0,0,0,0,2,37,11,5,19,8,14,2,261410,SERTANIA,32811.0,96,29.258480387674865
0,0,0,0,0,0,0,0,0,0,0,0,0,0,0,0,0,0,0,0,4,8,2,38,1,0,9,5,261420,SIRINHAEM,37596.0,62,16.491116076178315
0,0,0,0,0,0,0,0,0,0,0,0,0,0,0,0,0,0,2,0,0,4,1,0,3,0,0,0,261430,MOREILANDIA,10540.0,10,9.487666034155598
0,0,0,0,0,0,0,0,0,0,0,0,0,0,0,0,0,1,3,0,0,2,1,1,1,0,1,0,261450,SURUBIM,64120.0,10,1.5595757953836555
0,0,0,0,0,0,0,0,0,0,0,0,0,0,0,0,0,0,3,0,0,0,0,1,7,0,2,0,261460,TABIRA,27681.0,13,4.6963621256457495
0,0,0,0,0,0,0,0,0,0,0,0,0,0,0,0,0,0,0,0,0,0,0,0,0,1,0,0,261470,TACAIMBO,13738.0,1,0.7279079924297569
0,0,0,0,0,0,0,0,0,0,0,0,0,0,0,0,0,0,0,0,0,0,1,0,1,1,8,0,261480,TACARATU,23902.0,11,4.602125345159401
0,0,0,0,0,0,0,0,0,0,0,0,0,0,0,0,0,0,0,0,0,4,0,7,0,0,1,0,261485,TAMANDARE,23561.0,12,5.093162429438479
0,0,0,0,0,0,0,0,0,0,0,0,0,0,0,0,0,0,0,0,0,0,0,2,1,0,0,0,261500,TAQUARITINGA DO NORTE,24736.0,3,1.2128072445019404
0,0,0,0,0,0,0,0,0,0,0,0,0,0,0,0,0,0,0,0,0,0,0,0,0,6,1,0,261510,TEREZINHA,6513.0,7,10.747735298633502
0,0,0,0,0,0,0,0,0,0,0,0,1,0,0,0,0,0,0,0,1,6,7,3,31,1,3,0,261520,TERRA NOVA,8920.0,52,58.29596412556054
0,0,0,1,0,0,0,0,0,0,0,0,0,0,0,0,0,0,49,2,7,46,3,63,188,24,312,25,261530,TIMBAUBA,46147.0,694,150.38897436453075
0,0,0,0,0,0,0,0,0,0,0,0,0,0,0,0,0,1,0,0,0,0,2,0,0,0,0,0,261540,TORITAMA,41137.0,3,0.7292704864234144
0,0,0,0,0,0,0,0,0,0,0,0,0,0,0,0,0,1,4,0,3,1,0,1,19,0,0,2,261560,TRINDADE,30321.0,29,9.564328353286502
0,0,0,0,0,0,0,0,0,0,0,0,0,0,0,0,0,0,0,0,0,1,1,1,0,0,0,0,261570,TRIUNFO,14705.0,3,2.0401224073444406
1,0,0,0,0,0,0,0,0,0,0,0,0,0,0,0,0,0,2,1,1,2,3,8,7,6,2,0,261580,TUPANATINGA,26937.0,32,11.879570850503026
0,0,0,0,0,0,0,0,0,0,0,0,0,0,0,0,0,0,1,0,0,0,0,0,1,0,0,0,261590,TUPARETAMA,8005.0,2,2.4984384759525295
0,0,0,0,0,0,0,0,0,0,0,0,0,0,0,0,0,0,0,0,0,0,0,0,3,0,0,0,261600,VENTUROSA,17251.0,3,1.739029621471219
0,0,0,0,0,0,0,0,0,0,0,0,0,0,0,0,0,0,0,0,0,7,3,0,26,4,10,2,261610,VERDEJANTE,9169.0,50,54.53157378121932
0,0,0,0,0,0,0,0,0,0,0,0,0,0,0,0,0,0,0,0,1,0,0,1,0,0,0,1,261618,VERTENTE DO LERIO,7558.0,2,2.646202699126753
0,0,0,0,0,0,0,0,0,0,0,0,0,0,0,0,0,3,19,0,0,0,2,0,0,0,0,0,261620,VERTENTES,21959.0,24,10.92945944715151
0,0,0,0,0,0,0,0,0,0,0,0,0,0,0,0,0,0,3,2,0,22,2,1,0,1,0,1,261630,VICENCIA,26359.0,31,11.760688948746159
0,0,0,0,0,0,0,0,0,0,0,0,0,0,0,0,0,0,0,0,41,38,14,107,19,16,18,11,261640,VITORIA DE SANTO ANTAO,134084.0,253,18.868768831478775
0,0,0,0,0,0,0,0,0,0,0,0,0,0,0,0,0,0,3,0,0,0,1,1,0,0,0,0,261650,XEXEU,11611.0,5,4.306261303935923
